{"current":{"color_body_bg":"#ffffff","color_body_text":"#1c1d1d","color_price":"#1c1d1d","color_savings_text":"#b02125","color_borders":"#e8e8e1","color_button":"#9d702b","color_button_text":"#ffffff","color_cart_dot":"#b02125","color_small_image_bg":"#ffffff","color_large_image_bg":"#1c1d1d","color_header":"#ffffff","color_header_text":"#1c1d1d","color_announcement":"#9d702b","color_announcement_text":"#ffffff","color_footer":"#ffffff","color_footer_text":"#1a1a1a","color_drawer_background":"#ffffff","color_drawer_text":"#1a1a1a","color_drawer_border":"#ffffff","color_drawer_button":"#99702b","color_drawer_button_text":"#1a1a1a","color_modal_overlays":"#e6e6e6","color_image_overlay":"#000","color_image_overlay_opacity":15,"color_image_overlay_text_shadow":60,"type_header_font_family":"bauer_bodoni_n7","type_header_spacing":"0","type_header_base_size":40,"type_header_line_height":1,"type_header_capitalize":false,"type_headers_align_text":true,"type_base_font_family":"futura_n5","type_base_spacing":"25","type_base_size":16,"type_base_line_height":1.7,"type_body_align_text":true,"type_navigation_style":"body","type_navigation_size":16,"type_product_style":"body","type_collection_font":"heading","type_collection_size":26,"button_style":"square","icon_weight":"3px","icon_linecaps":"round","vendor_enable":true,"sku_enable":false,"quantity_enable":false,"variant_type":"button","enable_payment_button":false,"inventory_enable":false,"product_save_amount":true,"product_zoom_enable":true,"quick_shop_enable":true,"quick_shop_text":"Quick View","product_grid_image_size":"square","product_hover_image":true,"product_color_swatches":true,"collection_color_swatches":true,"product_video_width":"960","product_video_height":"1280","product_video_style":"muted","product_content_1":"","product_content_collapse_1":true,"product_content_2":"","product_content_collapse_2":true,"product_content_3":"","product_content_collapse_3":true,"product_contact":false,"product_contact_title":"Ask a question","enable_product_reviews":true,"collection_grid_style":"overlaid","collection_grid_shape":"landscape","collection_grid_image":"collection","collection_grid_text_align":"bottom-center","collection_grid_tint":"#000000","collection_grid_opacity":10,"collection_grid_gutter":true,"cart_type":"drawer","cart_additional_buttons":false,"cart_notes_enable":false,"cart_terms_conditions_enable":false,"cart_terms_conditions_link":"","enable_currencies":false,"currency_format":"money_format","supported_currencies":"USD CAD INR GBP AUD EUR JPY","default_currency":"USD","social_facebook_link":"https:\/\/www.facebook.com\/FAO\/","social_twitter_link":"https:\/\/twitter.com\/faoschwarz?lang=en","social_pinterest_link":"https:\/\/www.pinterest.com\/faoschwarzofficial","social_instagram_link":"https:\/\/www.instagram.com\/faoschwarz\/","social_snapchat_link":"","social_tumblr_link":"","social_linkedin_link":"https:\/\/www.linkedin.com\/company\/fao-schwarz\/","social_youtube_link":"","social_vimeo_link":"","share_facebook":false,"share_twitter":false,"share_pinterest":false,"homepage_social_image":"shopify:\/\/shop_images\/twitter.jpg","favicon":"shopify:\/\/shop_images\/favicon-32x32.png","show_breadcrumbs":false,"plus_rich_media":true,"checkout_header_image":"","checkout_logo_image":"shopify:\/\/shop_images\/Asset_1_18b8f2c4-9f78-4912-8822-ce55237d6d6e.png","checkout_logo_position":"center","checkout_logo_size":"small","checkout_body_background_image":"","checkout_body_background_color":"#fff","checkout_input_background_color_mode":"white","checkout_sidebar_background_image":"","checkout_sidebar_background_color":"#fafafa","checkout_heading_font":"-apple-system, BlinkMacSystemFont, 'Segoe UI', Roboto, Helvetica, Arial, sans-serif, 'Apple Color Emoji', 'Segoe UI Emoji', 'Segoe UI Symbol'","checkout_body_font":"-apple-system, BlinkMacSystemFont, 'Segoe UI', Roboto, Helvetica, Arial, sans-serif, 'Apple Color Emoji', 'Segoe UI Emoji', 'Segoe UI Symbol'","checkout_accent_color":"#9d702b","checkout_button_color":"#9d702b","checkout_error_color":"#ff6d6d","breadcrumb":true,"sections":{"header":{"type":"header","blocks":{"1524770014057":{"type":"logo","settings":{"logo":"shopify:\/\/shop_images\/Asset_1_18b8f2c4-9f78-4912-8822-ce55237d6d6e.png","logo-inverted":"shopify:\/\/shop_images\/Asset_37.png","desktop_logo_width":220,"mobile_logo_width":180}},"1537335638796":{"type":"announcement","settings":{"text":"","link_text":"Free Standard Shipping on U.S. Orders Over $100* Some Exclusions Apply","link":""}}},"block_order":["1524770014057","1537335638796"],"settings":{"main_menu_link_list":"hawke-main-menu","main_menu_alignment":"left-center","header_style":"sticky","sticky_index":false,"sticky_collection":false,"header_search_enable":true,"toolbar_menu":"","toolbar_social":false,"toolbar_currencies":false,"announcement_compact":true}},"footer":{"type":"footer","blocks":{"1537339698477":{"type":"menu","settings":{"show_footer_title":true,"menu":"explore","container_width":24}},"1494301487049":{"type":"menu","settings":{"show_footer_title":true,"menu":"support","container_width":24}},"1538158915102":{"type":"menu","settings":{"show_footer_title":true,"menu":"footer-menu-bottom","container_width":24}},"1494292487693":{"type":"newsletter","settings":{"show_footer_title":true,"title":"Newsletter","text":"<p>Stay up-to-date with the latest products and news!<\/p>","container_width":25,"plus_show_logo":true,"plus_logo_image":"shopify:\/\/shop_images\/FAO_MedallionSeal_Logo.jpg","plus_desktop_logo_height":75,"plus_logo_link":"https:\/\/faoschwarz.com\/"}}},"block_order":["1537339698477","1494301487049","1538158915102","1494292487693"],"settings":{"show_payment_icons":false}},"collection-template":{"type":"collection-template","settings":{"subcollection_style":"above","subcollections_per_row":5,"per_row":4,"rows_per_page":15}},"product-template":{"type":"product-template","settings":{"image_position":"left","image_size":"medium","thumbnail_position":"below","description_style":"default","social_enable":false,"related_enable":true,"related_count":5,"recently_viewed_enable":false,"recent_count":5}},"article-template":{"type":"article-template","settings":{"blog_show_tags":true,"blog_show_date":true,"blog_show_comments":true,"blog_show_author":false,"social_sharing_blog":true}},"1498163293234":{"type":"featured-content","settings":{"title":"Always Special","text":"<p>Home of&nbsp;one-of-a-kind toys, adventure, fantasy, and so much more!<\/p>","align_text":"center","narrow_column":false,"enlarge_text":true,"divider":false}},"blog-template":{"type":"blog-template","settings":{"blog_show_tag_filter":true,"blog_show_rss":false,"blog_show_tags":true,"blog_show_date":true,"blog_show_comments":true,"blog_show_author":false,"blog_image_size":"wide"}},"1499789718857":{"type":"featured-collections","blocks":{"1499789718857-0":{"type":"collection","settings":{"collection":"3-4","title":"","focal_point":"center center"}},"1499789718857-1":{"type":"collection","settings":{"collection":"5-7","title":"","focal_point":"center center"}},"1499789718857-2":{"type":"collection","settings":{"collection":"8-12","title":"","focal_point":"center center"}},"1537336471866":{"type":"collection","settings":{"collection":"12-14","title":"","focal_point":"center center"}},"1537336481426":{"type":"collection","settings":{"collection":"14","title":"","focal_point":"center center"}},"1538159472817":{"type":"collection","settings":{"collection":"all-products","title":"","focal_point":"center center"}}},"block_order":["1499789718857-0","1499789718857-1","1499789718857-2","1537336471866","1537336481426","1538159472817"],"settings":{"title":"Big Imagination for Kids of All Ages","divider":false,"per_row":3,"enable_gutter":true}},"1499790633921":{"type":"background-image-text","settings":{"subtitle":"","title":"A World of Wonderment","text":"<p>Providing wonder and excitement to families for over 150 years.&nbsp;<\/p>","button_label":"Read Our Story","button_link":"shopify:\/\/pages\/about","image":"shopify:\/\/shop_images\/1925_006_-_Fixed_c38da31b-3bb2-448b-a4ec-729301e7e4ca.jpg","focal_point":"80% 100%","color_border":"#cdb8ac","layout":"left","height":550,"framed":true,"parallax":false}},"product-sections-template":{"type":"product-sections-template","blocks":{"product-image-row":{"type":"image-row","settings":{"image_1":"","image_2":"","image_3":"","image_4":"","enable_gutter":false,"enable_zoom":true}},"product-text-and-image":{"type":"text-and-image","settings":{"image":"","image_width":500,"subtitle":"Improved","title":"Image with text","text":"<p>Pair large text with an image to tell a story, explain a detail about your product, or describe a new promotion.<\/p>","button_label":"Optional button","button_link":"","layout":"left"}},"product-background-image-text":{"type":"background-image-text","settings":{"subtitle":"Impressive","title":"Large image with text box","text":"<p>Pair large text with a full-width image to draw attention to an important detail of your brand or product line.<\/p>","button_label":"","button_link":"","image":"","alignment":"center","color_border":"#f4f4f4","layout":"right","height":550,"parallax":true}},"product-text-columns":{"type":"text-columns","settings":{"title":"","align_text":"center","enable_image_1":true,"image_1":"","image_width_1":650,"title_1":"Example title","text_1":"<p>Use this section to explain a set of product features, to link to a series of pages, or to answer common questions about your products. Add images for emphasis.<\/p>","enable_image_2":true,"image_2":"","image_width_2":650,"title_2":"Example title","text_2":"<p>Use this section to explain a set of product features, to link to a series of pages, or to answer common questions about your products. Add images for emphasis.<\/p>","enable_image_3":true,"image_3":"","image_width_3":650,"title_3":"Example title","text_3":"<p>Use this section to explain a set of product features, to link to a series of pages, or to answer common questions about your products. Add images for emphasis.<\/p>"}},"product-hero-video":{"type":"hero-video","settings":{"title":"Bring your\nbrand to life.","title_size":80,"subheading":"Seamless hero videos","link_text":"Optional button","link":"","text_align":"vertical-bottom horizontal-left","video_url":"https:\/\/www.youtube.com\/watch?v=_9VUPq3SxOc","section_height":"650px","mobile_height":"auto"}}},"block_order":["product-image-row","product-text-and-image","product-background-image-text","product-text-columns","product-hero-video"],"settings":{"image_position":"right","image_size":"medium","thumbnail_position":"beside","description_style":"default","social_enable":true,"related_enable":true,"related_position":"above","related_count":5,"recently_viewed_enable":true,"recent_count":5,"collection_links_enable":true}},"page-sections-template":{"type":"page-sections-template","blocks":{"page-image-hero":{"type":"image-hero","settings":{"parallax":false,"title":"A world of imagination, adventure,\n& wonder for everyone","title_size":50,"subheading":"","link":"","link_text":"","link_2":"","link_text_2":"","color_accent":"rgba(0,0,0,0)","text_align":"vertical-center horizontal-center","image":"shopify:\/\/shop_images\/story-hero.jpg","focal_point":"top center","section_height":"550px","mobile_height":"auto"}},"1538509731155":{"type":"text-and-image","settings":{"image":"shopify:\/\/shop_images\/Boy_Cardboard_Fort_Hero_cb2b3c76-cc4f-47c2-b8f7-7ae19f0fa72e.jpg","image_width":500,"subtitle":"","title":"The Man with a child-like wonder…","text":"<p>Frederick August Otto Schwarz dreamt of a marvelous bountiful emporium full of extraordinary, one-of-a-kind toys from all over the world.&nbsp;<\/p>\n<p><\/p>\n<p>His dream became a reality, and today, as&nbsp;the world's&nbsp;most iconic toy store, it has provided wonder and excitement to families for more than 150 years.<\/p>","button_label":"","button_link":"","layout":"left"}},"1538509919070":{"type":"text-and-image","settings":{"image":"shopify:\/\/shop_images\/FAO_Schwarz10_2_7668bbaa-eadc-42e5-a5fa-5c0986567c49.jpg","image_width":500,"subtitle":"","title":"More than a toy store","text":"<p>A visit to FAO Schwarz is an experience unlike any other. You are at the center of the story. An adventure larger-than-life that sparks the imagination in all of us awaits every time you step through our doors.&nbsp;<\/p>\n<p><\/p>\n<p>Over the years, we continue to create new, lasting memories for generations of children&nbsp;and nostalgic moments for adults alike.&nbsp;<\/p>\n<p><\/p>","button_label":"","button_link":"","layout":"right"}},"1538512035416":{"type":"image-hero","settings":{"parallax":false,"title":"The world's most iconic toy store","title_size":50,"subheading":"Discover our flagship store in New York City","link":"","link_text":"Find Us","link_2":"","link_text_2":"","color_accent":"#ffd167","text_align":"vertical-center horizontal-center","image":"shopify:\/\/shop_images\/1925_011_-_Fixed.jpg","focal_point":"center center","section_height":"450px","mobile_height":"auto"}},"1537396283860":{"type":"featured-collection","settings":{"title":"Explore Our Toys","collection":"all-products","per_row":4,"rows":2,"view_all":true}}},"block_order":["page-image-hero","1538509731155","1538509919070","1538512035416","1537396283860"],"settings":{"page_title_enable":false,"page_content_enable":false}},"newsletter-popup":{"type":"newsletter-popup","settings":{"mode":"disabled","popup_seconds":5,"popup_days":2,"popup_title":"","popup_image":"","popup_text":"","close_text":"","enable_newsletter":false,"button_label":"","button_link":"","enable_button":false}},"1524769873765":{"type":"slideshow","blocks":{"1595964412143":{"type":"image","settings":{"top_subheading":"","title":"30 Rockefeller Plaza is open\nWelcome back!","title_size":62,"subheading":"Come shop Wednesday- Sunday, 12:00pm-6:00pm","link":"shopify:\/\/pages\/know-before-you-go","link_text":"Know Before You go!","link_2":"","link_text_2":"","color_accent":"#ffffff","text_align":"vertical-center horizontal-center","image":"shopify:\/\/shop_images\/PatDunford-3.14-3.JPG","focal_point":"center center"}},"1589851688141":{"type":"image","settings":{"top_subheading":"","title":"Shop our cuddly friends...","title_size":51,"subheading":"","link":"","link_text":"SHOP PLUSH","link_2":"","link_text_2":"","color_accent":"#99702b","text_align":"vertical-center horizontal-left","image":"shopify:\/\/shop_images\/PatDunford-3.14-1_a950cba7-09d4-4da9-85d5-aa6e37468fed.JPG","focal_point":"center center"}},"1589851883572":{"type":"image","settings":{"top_subheading":"","title":"Creativity with FAO","title_size":50,"subheading":"Shop our collection","link":"shopify:\/\/collections\/creativity","link_text":"CREATIVITY","link_2":"","link_text_2":"","color_accent":"rgba(0,0,0,0)","text_align":"vertical-center horizontal-left","image":"shopify:\/\/shop_images\/story.jpg","focal_point":"center center"}},"1589851369377":{"type":"image","settings":{"top_subheading":"","title":"Games for the entire family!","title_size":66,"subheading":"","link":"shopify:\/\/collections\/games","link_text":"SHOP GAMES","link_2":"","link_text_2":"","color_accent":"rgba(0,0,0,0)","text_align":"vertical-center horizontal-left","image":"shopify:\/\/shop_images\/GAMES_BANNER_FOR_FAO_WEBSITEJPEG_-_NEW_002.jpg","focal_point":"center center"}}},"block_order":["1595964412143","1589851688141","1589851883572","1589851369377"],"settings":{"section_height":"natural","mobile_height":"auto","parallax":false,"style":"dots","autoplay":true,"autoplay_speed":6}},"collection-header":{"type":"collection-header","settings":{"enable":true,"collection_image_enable":false,"parallax":false}},"collection-sidebar":{"type":"collection-sidebar","blocks":{"1524772580942":{"type":"tags_all","settings":{"title":"Filter By","collapsed":false}}},"block_order":["1524772580942"],"settings":{"enable_sidebar":false,"filter_style":"sidebar","tags_combine":true,"enable_sort":true}},"1525118065355":{"type":"map","settings":{"map_title":"Visiting our FAO Schwarz Store","address":"<p><strong>30 Rockefeller Plaza New York, NY 10111<\/strong><\/p>\n<p><\/p>\n<p>Monday - closed<\/p>\n<p>Tuesday - closed<\/p>\n<p>Wednesday 12:00pm-7:00pm<\/p>\n<p>Thursday 12:00pm-7:00pm<\/p>\n<p>Friday&nbsp;12:00pm-7:00pm<\/p>\n<p>Saturday&nbsp;12:00pm-7:00pm<\/p>\n<p>Sunday&nbsp;12:00pm-7:00pm<\/p>\n<p><\/p>","map_address":"30 Rockefeller Plaza New York, NY 10111","api_key":"","show_button":true,"background_image":"shopify:\/\/shop_images\/1925_005_-Fixed.jpg","background_image_position":"center center"}},"1525295772132":{"type":"featured-collection","settings":{"title":"","home_featured_products":"classics-1","per_row":5,"rows":1,"view_all":false,"divider":false}},"collection-promotions":{"type":"collection-promotions","settings":{"gutter_size":20}},"footer-promotions":{"type":"footer-promotions","settings":{"hide_homepage":false,"image_size":"natural"}},"1537336078810":{"type":"promo-grid","blocks":{"1537336078810-0":{"type":"simple","settings":{"link":"shopify:\/\/collections\/creativity","text":"Expand Your Creativity","image":"shopify:\/\/shop_images\/story.jpg","width":"50","height":300,"color_tint":"#000","color_tint_opacity":8,"framed":false}},"1537336078810-1":{"type":"simple","settings":{"link":"shopify:\/\/collections\/vehicles","text":"Start Your Engines","image":"shopify:\/\/shop_images\/Astronaut.jpg","width":"50","height":300,"color_tint":"#000","color_tint_opacity":8,"framed":false}},"1539974246813":{"type":"simple","settings":{"link":"shopify:\/\/collections\/plush","text":"Wildly Soft & Plush Fun","image":"shopify:\/\/shop_images\/careers.jpg","width":"100","height":400,"color_tint":"#000","color_tint_opacity":8,"framed":false}}},"block_order":["1537336078810-0","1537336078810-1","1539974246813"],"settings":{"full_width":true,"gutter_size":20,"space_above":true,"space_below":true}},"1537336732942":{"type":"featured-collection","settings":{"title":"FAO Classics","home_featured_products":"classics-1","per_row":4,"rows":2,"view_all":true,"divider":false}},"page-sections-stores":{"type":"page-sections-stores","blocks":{"1539387509097":{"type":"background-image-text","settings":{"subtitle":"","title":"Experience our store at","text":"<p><strong>30 Rockefeller Plaza<\/strong><\/p>\n<p><\/p>\n<p>New York, New York 10111<\/p>","button_label":"Get Directions","button_link":"https:\/\/www.google.com\/maps\/dir\/\/Rockefeller+Plaza,+New+York,+NY+10111\/@40.7591878,-73.9818335,17z\/data=!4m8!4m7!1m0!1m5!1m1!1s0x89c258fed13413e3:0x5c62dc09ad40a02e!2m2!1d-73.9799726!2d40.7593755","image":"shopify:\/\/shop_images\/1925_010_-_Fixed.jpg","alignment":"80% 0","color_border":"#f0f0f0","layout":"left","height":750,"parallax":false}}},"block_order":["1539387509097"],"settings":{"page_title_enable":false,"page_content_enable":false}},"page-sections-careers":{"type":"page-sections-careers","blocks":{"1538523117258":{"type":"image-hero","settings":{"parallax":false,"title":"Careers","title_size":50,"subheading":"Working with us is Wonderful","link":"","link_text":"","link_2":"","link_text_2":"","color_accent":"rgba(0,0,0,0)","text_align":"vertical-center horizontal-center","image":"shopify:\/\/shop_images\/PatDunford-3.14-3.JPG","focal_point":"center center","section_height":"450px","mobile_height":"auto"}},"1538526766799":{"type":"rich-text","settings":{"title":"Open Positions","text":"","align_text":"center","narrow_column":true,"enlarge_text":false}},"1538526621444":{"type":"text-columns","settings":{"title":"","align_text":"center","enable_image_1":false,"image_1":"","image_width_1":650,"title_1":"Cashier","text_1":"<p>NYC Flagship Store<br><a href=\"https:\/\/easyapply.co\/a\/dd060219-e087-405e-99e2-487cf800888a\" title=\"https:\/\/easyapply.co\/a\/dd060219-e087-405e-99e2-487cf800888a\">Apply Now<\/a><\/p>","enable_image_2":false,"image_2":"","image_width_2":650,"title_2":"Seasonal Toy Tech","text_2":"<p>NYC Flagship Store<br><a href=\"https:\/\/easyapply.co\/a\/6dcb64cf-8b03-49ff-b888-32574c9cc248\" title=\"FAO Schwarz Apply Now\">Apply Now<\/a><\/p>","enable_image_3":false,"image_3":"","image_width_3":650,"title_3":"Seasonal Toy Ambassador","text_3":"<p>NYC Flagship Store<br><a href=\"https:\/\/easyapply.co\/a\/6f9c00d5-8e18-458f-a6b0-f75a4f3c158c\" title=\"FAO Schwarz Apply Now\">Apply Now<\/a><\/p>"}},"1541090649270":{"type":"text-columns","settings":{"title":"","align_text":"center","enable_image_1":false,"image_1":"","image_width_1":650,"title_1":"Seasonal Cashier","text_1":"<p>NYC Flagship Store<\/p>\n<p><a href=\"https:\/\/easyapply.co\/a\/c023eee9-2f5f-4525-a799-3c3210fb2856\" title=\"https:\/\/easyapply.co\/a\/c023eee9-2f5f-4525-a799-3c3210fb2856\">Apply Now<\/a><\/p>","enable_image_2":false,"image_2":"","image_width_2":650,"title_2":"Toy Tech (Early AM)","text_2":"<p>NYC Flagship Store<\/p>\n<p><a href=\"https:\/\/easyapply.co\/a\/884b3381-defc-48ba-9501-94207740376a\" title=\"https:\/\/easyapply.co\/a\/884b3381-defc-48ba-9501-94207740376a\">Apply Now<\/a><\/p>","enable_image_3":false,"image_3":"","image_width_3":650,"title_3":"Toy Tech","text_3":"<p>NYC Flagship Store<\/p>\n<p><a href=\"https:\/\/easyapply.co\/a\/6cb92c4a-4eda-4f6d-ae1b-c7582b635f1d\" title=\"https:\/\/easyapply.co\/a\/6cb92c4a-4eda-4f6d-ae1b-c7582b635f1d\">Apply Now<\/a><\/p>"}},"1541090897554":{"type":"text-columns","settings":{"title":"","align_text":"center","enable_image_1":false,"image_1":"","image_width_1":650,"title_1":"Full Time Toy Ambassador","text_1":"<p>NYC Flagship Store<\/p>\n<p><a href=\"https:\/\/easyapply.co\/a\/572509c2-83b7-4a2e-8507-cd83fe64e30a\" title=\"https:\/\/easyapply.co\/a\/572509c2-83b7-4a2e-8507-cd83fe64e30a\">Apply Now<\/a><\/p>","enable_image_2":false,"image_2":"","image_width_2":650,"title_2":"","text_2":"","enable_image_3":false,"image_3":"","image_width_3":650,"title_3":"","text_3":""}}},"block_order":["1538523117258","1538526766799","1538526621444","1541090649270","1541090897554"],"settings":{"page_title_enable":false,"page_content_enable":false}},"page-sections-vendorlandingpage":{"type":"page-sections-vendorlandingpage","blocks":{"1539974371611":{"type":"text-columns","settings":{"title":"","align_text":"center","enable_image_1":true,"image_1":"shopify:\/\/shop_images\/sharper-image.jpg","image_width_1":650,"title_1":"","text_1":"<p>Sharper Image Toys &amp; Games deliver a world of high-tech fun and learning.&nbsp;From the latest robots, drones and RC toys to cool and unique games, we have the Toys and Games that bring out the kid in everyone.<\/p>","enable_image_2":false,"image_2":"","image_width_2":650,"title_2":"","text_2":"","enable_image_3":false,"image_3":"","image_width_3":650,"title_3":"","text_3":""}},"1539924378087":{"type":"featured-collection","settings":{"title":"Imagination Starts Here","collection":"sharper-image","per_row":4,"rows":2,"view_all":true}}},"block_order":["1539974371611","1539924378087"],"settings":{"page_title_enable":false,"page_content_enable":false}},"page-sections-holiday-gifts":{"type":"page-sections-holiday-gifts","blocks":{"1539977920647":{"type":"row-5-promos","settings":{"img_row_5_promos_1":"shopify:\/\/shop_images\/Astronaut_1.png","alt_row_5_promos_1":"FAO Schwarz Space Explorer","row_5_promos_hdr_text_1":"Space Explorer","row_5_promos_link_1":"shopify:\/\/collections\/space-explorer","row_5_promos_link_text_1":"Shop Space","img_row_5_promos_2":"shopify:\/\/shop_images\/FAO_Toy_Play_Set_with_Carrier_Race_Track-2_0a1c4ea0-9109-4072-8431-596535172498.jpg","alt_row_5_promos_2":"FAO Schwarz Fast Lane","row_5_promos_hdr_text_2":"Fast Lane","row_5_promos_link_2":"shopify:\/\/collections\/vehicles","row_5_promos_link_text_2":"Shop Vehicles","img_row_5_promos_3":"shopify:\/\/shop_images\/Cupcake_Maker_Hero.jpg","alt_row_5_promos_3":"FAO Schwarz Future Foodie","row_5_promos_hdr_text_3":"Future Foodie","row_5_promos_link_3":"shopify:\/\/collections\/chef","row_5_promos_link_text_3":"Shop Chef","img_row_5_promos_4":"shopify:\/\/shop_images\/GID_Wood_Block_front.jpg","alt_row_5_promos_4":"FAO Schwarz Imagination Station","row_5_promos_hdr_text_4":"Imagination Station","row_5_promos_link_4":"shopify:\/\/collections\/imagination","row_5_promos_link_text_4":"Shop Imagination","img_row_5_promos_5":"shopify:\/\/shop_images\/slimekit_hires.jpg","alt_row_5_promos_5":"FAO Schwarz STEM","row_5_promos_hdr_text_5":"STEM","row_5_promos_link_5":"shopify:\/\/collections\/stem","row_5_promos_link_text_5":"Shop STEM"}},"1539979001720":{"type":"row-2-promos","settings":{"img_row_2_promos_1":"shopify:\/\/shop_images\/Fashion_plates_Beauty_2.png","alt_row_2_promos_1":"FAO Schwarz Creative Zone","row_2_promos_hdr_text_1":"Creative Zone","row_2_promos_link_1":"shopify:\/\/collections\/creativity","row_2_promos_link_text_1":"Shop Creativity","img_row_2_promos_2":"shopify:\/\/shop_images\/ToyTentTeepeeMidTier_675x540_dcf069db-a664-4385-924a-034ffb5be7a0.png","alt_row_2_promos_2":"FAO Schwarz Music Master","row_2_promos_hdr_text_2":"Music Master","row_2_promos_link_2":"shopify:\/\/collections\/music","row_2_promos_link_text_2":"Shop Music"}},"1539979175760":{"type":"row-1-promo","settings":{"img_row_3_promo":"shopify:\/\/shop_images\/PatDunford-3.14-1_a950cba7-09d4-4da9-85d5-aa6e37468fed.JPG","alt_row_3_promo":"FAO Schwarz Plush Toys","row_3_promo_hdr_text":"Soft & Cuddly","row_3_promo_link":"shopify:\/\/collections\/plush","row_3_promos_link_text":"Shop Plush Toys"}}},"block_order":["1539977920647","1539979001720","1539979175760"],"settings":{"page_title_enable":true,"page_content_enable":false}},"page-sections-fao":{"type":"page-sections-fao","blocks":{"1539988628254":{"type":"text-columns","settings":{"title":"","align_text":"center","enable_image_1":true,"image_1":"shopify:\/\/shop_images\/Asset-1_6e7c7718-ef96-47df-901e-cde201c0948e.jpg","image_width_1":240,"title_1":"","text_1":"<p>FAO Schwarz sparks that childlike wonder in us all. The magical heritage of FAO carries on into the future with new adventures and memories to be made.<\/p>","enable_image_2":false,"image_2":"","image_width_2":650,"title_2":"","text_2":"","enable_image_3":false,"image_3":"","image_width_3":650,"title_3":"","text_3":""}},"1539988897214":{"type":"featured-collection","settings":{"title":"Return To Wonder","collection":"fao-schwarz","per_row":4,"rows":2,"view_all":true}}},"block_order":["1539988628254","1539988897214"],"settings":{"page_title_enable":false,"page_content_enable":false}},"page-sections-discovery-kids":{"type":"page-sections-discovery-kids","blocks":{"1539989124724":{"type":"text-columns","settings":{"title":"","align_text":"center","enable_image_1":true,"image_1":"shopify:\/\/shop_images\/DISCOVERY.jpg","image_width_1":260,"title_1":"","text_1":"<p>At the heart of Discovery&trade; lies smart fun! Delivering on real world adventure, Discovery&trade; brings an authentic and innovative way to explore your world.<\/p>","enable_image_2":false,"image_2":"","image_width_2":650,"title_2":"","text_2":"","enable_image_3":false,"image_3":"","image_width_3":650,"title_3":"","text_3":""}},"1539989210556":{"type":"featured-collection","settings":{"title":"Discover Impossible Possibilities","collection":"discovery-kids","per_row":4,"rows":2,"view_all":true}}},"block_order":["1539989124724","1539989210556"],"settings":{"page_title_enable":false,"page_content_enable":false}},"password-header":{"type":"password-header","settings":{"logo":"shopify:\/\/shop_images\/Asset_2.png","desktop_logo_height":100,"mobile_logo_height":60}},"password-content":{"type":"password-content","settings":{"title":"We're Getting Ready!","newsletter_enable":true,"newsletter_heading":"","newsletter_placeholder":"Email address","newsletter_button_text":"Submit","show_share_buttons":true,"show_image":true,"image":"shopify:\/\/shop_images\/password-page-background-1.jpg"}},"page-sections-marvins-magic":{"type":"page-sections-marvins-magic","blocks":{"1542157625414":{"type":"text-columns","settings":{"title":"","align_text":"center","enable_image_1":true,"image_1":"shopify:\/\/shop_images\/marvins-magic-logo2.png","image_width_1":360,"title_1":"","text_1":"<p>Established over 30 years ago by world renowned entrepreneur and magician Marvin Berglas, Marvin&rsquo;s Magic is the recognised brand leader and are number one for magic worldwide. They are passionate and innovative in the field of magic, always striving to encourage and inspire the next generation of magicians with their impressive range of magic. The collection includes magic for all ages including Magic Made Easy, Mind Blowing Magic and the award winning Marvins iMagic.<\/p>","enable_image_2":false,"image_2":"","image_width_2":650,"title_2":"","text_2":"","enable_image_3":false,"image_3":"","image_width_3":650,"title_3":"","text_3":""}},"1542157800178":{"type":"featured-collection","settings":{"title":"Marvin's Magic","collection":"marvins-magic","per_row":4,"rows":2,"view_all":true}}},"block_order":["1542157625414","1542157800178"],"settings":{"page_title_enable":false,"page_content_enable":false}},"page-sections-bunnies-by-the-bay":{"type":"page-sections-bunnies-by-the-bay","blocks":{"1542158158614":{"type":"text-columns","settings":{"title":"","align_text":"center","enable_image_1":true,"image_1":"shopify:\/\/shop_images\/bunnies-by-the-bay-logo.png","image_width_1":400,"title_1":"","text_1":"<p>&ldquo;Bunnies Are our Best Friends, Indeed!&nbsp; They Do Delight and Gift Glad Dreams&rdquo; is the Bunnies By The Bay charm and our mission to all.&nbsp;&nbsp; Here is how we came to develop the Bunny Charm and create Bunnies By The Bay.<\/p>","enable_image_2":false,"image_2":"","image_width_2":650,"title_2":"","text_2":"","enable_image_3":false,"image_3":"","image_width_3":650,"title_3":"","text_3":""}},"1542158267105":{"type":"featured-collection","settings":{"title":"Bunnies by the Bay","collection":"bunnies-by-the-bay","per_row":4,"rows":2,"view_all":true}}},"block_order":["1542158158614","1542158267105"],"settings":{"page_title_enable":false,"page_content_enable":false}},"page-sections-gund":{"type":"page-sections-gund","blocks":{"1542158367220":{"type":"text-columns","settings":{"title":"","align_text":"center","enable_image_1":true,"image_1":"shopify:\/\/shop_images\/GUND_Signature_Logo.png","image_width_1":400,"title_1":"","text_1":"<p>For more than 100 years, GUND has been a premier plush company recognized worldwide for the quality and innovation of our products.&nbsp; The oldest manufacturer of soft toys in America, GUND was one of the first ever companies to produce a teddy bear in the early 1900s.&nbsp;<\/p>","enable_image_2":false,"image_2":"","image_width_2":650,"title_2":"","text_2":"","enable_image_3":false,"image_3":"","image_width_3":650,"title_3":"","text_3":""}},"1542158493990":{"type":"featured-collection","settings":{"title":"GUND","collection":"gund","per_row":4,"rows":2,"view_all":true}}},"block_order":["1542158367220","1542158493990"],"settings":{"page_title_enable":false,"page_content_enable":false}},"page-sections-papo":{"type":"page-sections-papo","blocks":{"1542158540696":{"type":"text-columns","settings":{"title":"","align_text":"center","enable_image_1":true,"image_1":"shopify:\/\/shop_images\/PAPO_LOGO.png","image_width_1":500,"title_1":"","text_1":"<p>For more than 25 years, Papo has been creating, inventing, innovating and is now proposing a wide range of 600 items, animals or characters organized in 12 ranges.<\/p>\n<p><\/p>\n<p>From the original first piece to production, each Papo figurine has been designed in France to be made with high quality expectations. Hand painted, the attention to detail of our figurines is recognized worldwide.<\/p>","enable_image_2":false,"image_2":"","image_width_2":650,"title_2":"","text_2":"","enable_image_3":false,"image_3":"","image_width_3":650,"title_3":"","text_3":""}},"1542158727922":{"type":"featured-collection","settings":{"title":"Papo","collection":"papo","per_row":4,"rows":2,"view_all":true}}},"block_order":["1542158540696","1542158727922"],"settings":{"page_title_enable":false,"page_content_enable":false}},"page-sections-steiff":{"type":"page-sections-steiff","blocks":{"1542158793930":{"type":"text-columns","settings":{"title":"","align_text":"center","enable_image_1":true,"image_1":"shopify:\/\/shop_images\/steiff-logo.png","image_width_1":300,"title_1":"","text_1":"<p>Founded in 1880, Steiff is the world&rsquo;s premier manufacturer of high-end toys and collectibles. Indeed, Steiff is the only luxury toy brand in the marketplace today. Internationally renowned for its exceptional quality, Steiff still utilizes traditional materials and proven manufacturing techniques to create its unique and highly prized products.&nbsp;<\/p>","enable_image_2":false,"image_2":"","image_width_2":650,"title_2":"","text_2":"","enable_image_3":false,"image_3":"","image_width_3":650,"title_3":"","text_3":""}},"1542159538290":{"type":"featured-collection","settings":{"title":"Steiff","collection":"steiff","per_row":4,"rows":2,"view_all":true}}},"block_order":["1542158793930","1542159538290"],"settings":{"page_title_enable":false,"page_content_enable":false}},"page-sections-ravensburger":{"type":"page-sections-ravensburger","blocks":{"1542159801001":{"type":"text-columns","settings":{"title":"","align_text":"center","enable_image_1":true,"image_1":"shopify:\/\/shop_images\/ravensburger.png","image_width_1":200,"title_1":"","text_1":"<p>Founded in 1883, Ravensburger is a leading producer of puzzles, award-winning board games, and engaging science, and arts and crafts kits. As a family owned business, Ravensburger has built a reputation as a trusted brand for both parents and children alike. Its products encourage playful development at every stage and every age. Toys for the head, hand and heart.<\/p>","enable_image_2":false,"image_2":"","image_width_2":650,"title_2":"","text_2":"","enable_image_3":false,"image_3":"","image_width_3":650,"title_3":"","text_3":""}},"1542159954078":{"type":"featured-collection","settings":{"title":"Ravensburger","collection":"ravensburger","per_row":4,"rows":2,"view_all":true}}},"block_order":["1542159801001","1542159954078"],"settings":{"page_title_enable":false,"page_content_enable":false}},"page-sections-pawpatrol":{"type":"page-sections-pawpatrol","blocks":{"1544495927503":{"type":"text-columns","settings":{"title":"","align_text":"center","enable_image_1":true,"image_1":"shopify:\/\/shop_images\/PAW-RGB-Logo.jpg","image_width_1":400,"title_1":"","text_1":"<p>Led by 10-year-old Ryder, the plucky pups of PAW Patrol are rescue dogs in training. Each pup is inspired by a real-world job like fire fighter, police officer, and construction worker. When trouble strikes Adventure Bay, they're there to save the day! Whether it's a cat in a tree or a train off the tracks, they always find a way to help those in need.For kids, PAW Patrol is a fun way to learn bravery and heroism, with exciting stories that never get too scary. Ryder and the pups also teach lessons about caring for animals, a message that is reinforced through PAW Patrol&rsquo;s reallife partnership with the American Society for the Prevention of Cruelty to Animals.<\/p>","enable_image_2":false,"image_2":"","image_width_2":650,"title_2":"","text_2":"","enable_image_3":false,"image_3":"","image_width_3":650,"title_3":"","text_3":""}},"1544495961201":{"type":"featured-collection","settings":{"title":"Paw Patrol","collection":"","per_row":4,"rows":1,"view_all":true}}},"block_order":["1544495927503","1544495961201"],"settings":{"page_title_enable":false,"page_content_enable":false}},"page-sections-barbie":{"type":"page-sections-barbie","blocks":{"1544496944443":{"type":"text-columns","settings":{"title":"","align_text":"center","enable_image_1":true,"image_1":"shopify:\/\/shop_images\/Barbie.jpg","image_width_1":400,"title_1":"Barbie","text_1":"<p>\"My whole philosophy of Barbie was that, through the doll, the little girl could be anything she wanted to be. Barbie always represented the fact that a woman has choices.\"<\/p>\n<p>- Ruth Handler (Barbie Creator)<\/p>","enable_image_2":false,"image_2":"","image_width_2":650,"title_2":"","text_2":"","enable_image_3":false,"image_3":"","image_width_3":650,"title_3":"","text_3":""}},"1544497118881":{"type":"featured-collection","settings":{"title":"","collection":"","per_row":4,"rows":2,"view_all":true}}},"block_order":["1544496944443","1544497118881"],"settings":{"page_title_enable":false,"page_content_enable":false}},"page-sections-brio":{"type":"page-sections-brio","blocks":{"1544497895132":{"type":"text-columns","settings":{"title":"","align_text":"center","enable_image_1":true,"image_1":"shopify:\/\/shop_images\/Brio_RedTypeLogo.png","image_width_1":400,"title_1":"BRIO","text_1":"<p>BRIO has been creating quality products and happy childhood memories since the end of the 1800s. With a clean and simple design language, BRIO products encourage and open up a whole universe of fun, where the only limitation is your own imagination. Children will create our future world, but it is up to us to give them a good start. Never stop playing.<\/p>","enable_image_2":false,"image_2":"","image_width_2":650,"title_2":"","text_2":"","enable_image_3":false,"image_3":"","image_width_3":650,"title_3":"","text_3":""}},"1544498015312":{"type":"featured-collection","settings":{"title":"","collection":"","per_row":4,"rows":2,"view_all":true}}},"block_order":["1544497895132","1544498015312"],"settings":{"page_title_enable":false,"page_content_enable":false}},"page-sections-melissa-and-doug":{"type":"page-sections-melissa-and-doug","blocks":{"1545099242039":{"type":"text-columns","settings":{"title":"","align_text":"center","enable_image_1":true,"image_1":"shopify:\/\/shop_images\/MDLogo_Shadow_2000x2000_e1558c8b-1bd8-4434-88c3-311b1dce4b93.png","image_width_1":420,"title_1":"","text_1":"<p>From classic wooden toys to crafts, pretend play, and games, Melissa &amp; Doug products provide a launch pad to ignite imagination and a sense of wonder in all children so they can discover themselves, their passions, and their purpose.<\/p>","enable_image_2":false,"image_2":"","image_width_2":650,"title_2":"","text_2":"","enable_image_3":false,"image_3":"","image_width_3":650,"title_3":"","text_3":""}},"1545099298648":{"type":"featured-collection","settings":{"title":"Melissa & Doug","collection":"melissa-doug","per_row":4,"rows":2,"view_all":true}}},"block_order":["1545099242039","1545099298648"],"settings":{"page_title_enable":false,"page_content_enable":false}},"page-sections-hape":{"type":"page-sections-hape","blocks":{"1545099576846":{"type":"text-columns","settings":{"title":"","align_text":"center","enable_image_1":true,"image_1":"shopify:\/\/shop_images\/hapetoysfrance_1423057495_280.jpg","image_width_1":240,"title_1":"","text_1":"<p>As the world&rsquo;s largest producer of wooden toys, Hape is clearly dependent on the use of natural materials. A full line of bamboo toys takes advantage of the special properties of this highly renewable material. Plastic parts are ensured durable enough to last for generations in order to encourage toys to be passed down rather than tossed out.<\/p>","enable_image_2":false,"image_2":"","image_width_2":650,"title_2":"","text_2":"","enable_image_3":false,"image_3":"","image_width_3":650,"title_3":"","text_3":""}},"1545099668241":{"type":"featured-collection","settings":{"title":"Hape","collection":"","per_row":4,"rows":2,"view_all":true}}},"block_order":["1545099576846","1545099668241"],"settings":{"page_title_enable":false,"page_content_enable":false}},"page-sections-erector-by-meccano":{"type":"page-sections-erector-by-meccano","blocks":{"1545273550246":{"type":"text-columns","settings":{"title":"","align_text":"center","enable_image_1":true,"image_1":"shopify:\/\/shop_images\/Erector_Meccano_Logo.jpg","image_width_1":400,"title_1":"","text_1":"<p>Invented in England by Frank Hornby in 1898, Erector by Meccano was conceived as a model-construction system, based on the principles of mechanical engineering. Adhering to a &ldquo;Mechanics Made Easy&rdquo; ethos, the sets are comprised of re-usable metal strips, plates, wheels, axles and gears, with nuts and bolts to connect the pieces. Acquired by Spin Master Ltd. in 2013, Erector by Meccano continues to infuse innovation into the line by incorporating new materials and advanced technologies into its building sets. For generations, Erector by Meccano has inspired countless engineers, designers, architects, and creative minds of all ages.<\/p>\n<p>The brand continues to work with builders, creators, visionaries, and educators to develop products that inspire the pioneers of the future. Erector by Meccano maker systems are currently sold in more than 50 countries.<\/p>","enable_image_2":false,"image_2":"","image_width_2":650,"title_2":"","text_2":"","enable_image_3":false,"image_3":"","image_width_3":650,"title_3":"","text_3":""}},"1545273713836":{"type":"featured-collection","settings":{"title":"Erector by Meccano","collection":"","per_row":4,"rows":2,"view_all":true}}},"block_order":["1545273550246","1545273713836"],"settings":{"page_title_enable":false,"page_content_enable":false}},"page-sections-hatchimals":{"type":"page-sections-hatchimals","blocks":{"1545273772804":{"type":"text-columns","settings":{"title":"","align_text":"center","enable_image_1":true,"image_1":"shopify:\/\/shop_images\/Hatchimals_Styleguide_F16_Logo_2.jpg","image_width_1":400,"title_1":"","text_1":"<p>There&rsquo;s a hidden land...<\/p>\n<p><\/p>\n<p>...Filled with wonders that can&rsquo;t be found anywhere else. A place where brightly speckled eggs live with magical creatures inside.<\/p>\n<p><\/p>\n<p>But, they can&rsquo;t hatch on their own &ndash; they need someone curious and caring to love them to life. You are the key to releasing the magic!<\/p>\n<p><\/p>\n<p>Who will you hatch?<\/p>","enable_image_2":false,"image_2":"","image_width_2":650,"title_2":"","text_2":"","enable_image_3":false,"image_3":"","image_width_3":650,"title_3":"","text_3":""}},"1545273881050":{"type":"featured-collection","settings":{"title":"Hatchimals","collection":"","per_row":4,"rows":2,"view_all":true}}},"block_order":["1545273772804","1545273881050"],"settings":{"page_title_enable":false,"page_content_enable":false}},"page-sections-httyd":{"type":"page-sections-httyd","blocks":{"1548978263607":{"type":"text-columns","settings":{"title":"","align_text":"center","enable_image_1":true,"image_1":"shopify:\/\/shop_images\/HTTYD_Logo.png","image_width_1":650,"title_1":"How to Train Your Dragon","text_1":"","enable_image_2":false,"image_2":"","image_width_2":650,"title_2":"","text_2":"","enable_image_3":false,"image_3":"","image_width_3":650,"title_3":"","text_3":""}},"1548978639756":{"type":"featured-collection","settings":{"title":"","collection":"dreamworks-how-to-train-your-dragon","per_row":5,"rows":4,"view_all":true}},"1548978734734":{"type":"image-hero","settings":{"parallax":false,"title":"","title_size":80,"subheading":"","link":"","link_text":"","link_2":"","link_text_2":"","color_accent":"rgba(0,0,0,0)","text_align":"vertical-center horizontal-center","image":"shopify:\/\/shop_images\/HTTYD2.jpg","focal_point":"bottom center","section_height":"750px","mobile_height":"auto"}}},"block_order":["1548978263607","1548978639756","1548978734734"],"settings":{"page_title_enable":false,"page_content_enable":false}},"1593024980766":{"type":"instafeed","settings":{"heading_font":"helvetica_n4","heading_size":20,"feed_width":90,"html_area":"<!-- -->"}}},"content_for_index":["1524769873765","1498163293234","1525295772132","1593024980766","1537336078810","1499789718857","1525118065355","1537336732942","1499790633921"]},"presets":{"Modern":{"color_body_bg":"#ffffff","color_body_text":"#000000","color_price":"#1c1d1d","color_savings_text":"#ff4e4e","color_borders":"#e8e8e1","color_button":"#111111","color_button_text":"#fff","color_cart_dot":"#ff4f33","color_small_image_bg":"#f4f4f4","color_large_image_bg":"#0f0f0f","color_header":"#fff","color_header_text":"#000","color_announcement":"#0f0f0f","color_announcement_text":"#fff","color_footer":"#ffffff","color_footer_text":"#000000","color_drawer_background":"#ffffff","color_drawer_text":"#000000","color_drawer_border":"#e8e8e1","color_drawer_button":"#111111","color_drawer_button_text":"#ffffff","color_modal_overlays":"#e6e6e6","color_image_overlay":"#000","color_image_overlay_text_shadow":15,"type_header_font_family":"bauer_bodoni_n7","type_header_spacing":"0","type_header_base_size":40,"type_header_line_height":1,"type_header_capitalize":false,"type_headers_align_text":true,"type_base_font_family":"futura_n4","type_base_spacing":"25","type_base_size":17,"type_base_line_height":1.6,"type_body_align_text":true,"type_navigation_style":"body","type_navigation_size":18,"type_product_style":"body","type_collection_font":"heading","type_collection_size":26,"button_style":"square","icon_weight":"3px","icon_linecaps":"miter","vendor_enable":false,"sku_enable":false,"quantity_enable":false,"variant_type":"button","enable_payment_button":false,"inventory_enable":true,"quick_shop_text":"Quick view","product_grid_image_size":"natural","product_hover_image":false,"product_color_swatches":false,"collection_color_swatches":false,"product_video_width":"960","product_video_height":"1280","product_video_style":"muted","product_contact":false,"product_contact_title":"Ask a question","collection_grid_style":"overlaid","collection_grid_shape":"square","collection_grid_image":"product","collection_grid_text_align":"center","collection_grid_tint":"#000000","collection_grid_opacity":10,"collection_grid_gutter":true,"cart_type":"drawer","cart_notes_enable":false,"cart_terms_conditions_enable":false,"currency_format":"money_format","supported_currencies":"USD CAD INR GBP AUD EUR JPY","social_facebook_link":"https:\/\/www.facebook.com\/shopify","social_pinterest_link":"https:\/\/www.pinterest.com\/shopify","social_instagram_link":"https:\/\/instagram.com\/shopify","share_facebook":true,"share_twitter":true,"share_pinterest":true,"show_breadcrumbs":false,"checkout_logo_position":"left","checkout_logo_size":"small","checkout_body_background_color":"#fff","checkout_input_background_color_mode":"white","checkout_sidebar_background_color":"#fafafa","checkout_accent_color":"#111111","checkout_button_color":"#111111","checkout_error_color":"#ff6d6d","breadcrumb":true,"sections":{"header":{"type":"header","blocks":{"1524770014057":{"type":"logo","settings":{}},"1524770292306":{"type":"announcement","settings":{"text":"Free shipping","link_text":"On all orders over $100"}},"1524770296206":{"type":"announcement","settings":{"text":"Hassle-free returns","link_text":"30-day postage paid returns"}}},"block_order":["1524770014057","1524770292306","1524770296206"],"settings":{"main_menu_link_list":"main-menu","main_menu_alignment":"center-split","header_style":"sticky","sticky_index":false,"sticky_collection":false,"header_search_enable":true,"toolbar_menu":"top","toolbar_social":true,"announcement_compact":true}},"footer":{"type":"footer","blocks":{"1494301487048":{"type":"logo_social","settings":{"container_width":95}},"1494301487049":{"type":"menu","settings":{"menu":"footer","container_width":25}},"1494292487693":{"type":"newsletter","settings":{"container_width":33}}},"block_order":["1494301487049","1494292487693","1494301487048"],"settings":{"show_payment_icons":false}},"collection-template":{"type":"collection-template","settings":{"subcollection_style":"above","subcollections_per_row":5,"per_row":4,"rows_per_page":15}},"product-template":{"type":"product-template","settings":{"image_size":"large","social_enable":true,"related_enable":true,"related_count":5,"recently_viewed_enable":true,"recent_count":5}},"article-template":{"type":"article-template","settings":{"blog_show_tags":true,"blog_show_date":true,"blog_show_comments":true,"blog_show_author":false,"social_sharing_blog":true}},"1498163293234":{"type":"featured-content","settings":{"align_text":"center","narrow_column":false,"enlarge_text":true,"divider":false}},"blog-template":{"type":"blog-template","settings":{"blog_show_tag_filter":true,"blog_show_rss":false,"blog_show_tags":true,"blog_show_date":true,"blog_show_comments":true,"blog_show_author":false,"blog_image_size":"wide"}},"1499789718857":{"type":"featured-collections","blocks":{"1499789718857-0":{"type":"collection","settings":{}},"1499789718857-1":{"type":"collection","settings":{}},"1499789718857-2":{"type":"collection","settings":{}},"1499789718857-3":{"type":"collection","settings":{}}},"block_order":["1499789718857-0","1499789718857-1","1499789718857-2","1499789718857-3"],"settings":{"title":"Shop by category","divider":false,"per_row":4,"enable_gutter":true}},"1499790633921":{"type":"background-image-text","settings":{"button_link":"shopify:\/\/collections\/all","focal_point":"80% 0","color_border":"#cdb8ac","layout":"left","height":750,"framed":false,"parallax":true}},"product-sections-template":{"type":"product-sections-template","blocks":{"product-image-row":{"type":"image-row","settings":{"enable_gutter":false,"enable_zoom":true}},"product-text-and-image":{"type":"text-and-image","settings":{"layout":"left"}},"product-background-image-text":{"type":"background-image-text","settings":{"alignment":"center","color_border":"#f4f4f4","layout":"right","height":550,"parallax":true}},"product-text-columns":{"type":"text-columns","settings":{}},"product-hero-video":{"type":"hero-video","settings":{"text_align":"vertical-bottom horizontal-left","section_height":"650px","mobile_height":"auto"}}},"block_order":["product-image-row","product-text-and-image","product-background-image-text","product-text-columns","product-hero-video"],"settings":{"image_size":"medium","social_enable":true,"related_enable":true,"related_position":"above","related_count":5,"collection_links_enable":true}},"page-sections-template":{"type":"page-sections-template","blocks":{"page-image-hero":{"type":"image-hero","settings":{}},"page-rich-text":{"type":"rich-text","settings":{"align_text":"center","narrow_column":true,"enlarge_text":true}},"page-text-columns":{"type":"text-columns","settings":{}},"page-background-image-text":{"type":"background-image-text","settings":{"alignment":"center","color_border":"#f4f4f4","layout":"right","height":550}},"page-featured-collection":{"type":"featured-collection","settings":{"title":"Featured collection","per_row":4,"rows":1,"view_all":true}}},"block_order":["page-image-hero","page-rich-text","page-text-columns","page-background-image-text","page-featured-collection"],"settings":{"page_title_enable":false,"page_content_enable":false}},"newsletter-popup":{"type":"newsletter-popup","settings":{}},"1524769873765":{"type":"slideshow","blocks":{"1524769873765-0":{"type":"image","settings":{"title_size":80,"link":"shopify:\/\/collections\/all","link_text":"Shop all","text_align":"vertical-center horizontal-left","focal_point":"top center"}}},"block_order":["1524769873765-0"],"settings":{"section_height":"750px","mobile_height":"auto","parallax":true,"style":"minimal","autoplay":false,"autoplay_speed":7}},"collection-header":{"type":"collection-header","settings":{"enable":true,"collection_image_enable":true,"parallax":true}},"collection-sidebar":{"type":"collection-sidebar","blocks":{"1524772785241":{"type":"subcollections","settings":{}},"1524772580942":{"type":"tags_all","settings":{}}},"block_order":["1524772785241","1524772580942"],"settings":{"enable_sidebar":true,"filter_style":"sidebar","tags_combine":false,"enable_sort":true}},"1525115199973":{"type":"blog-posts","settings":{"title":"From the journal","blog":"news","post_limit":3,"blog_show_tags":false,"blog_show_date":true,"blog_show_comments":false,"blog_show_author":false,"view_all":true,"blog_image_size":"wide","divider":false}},"1525118065355":{"type":"map","settings":{}},"1525295772132":{"type":"featured-collection","settings":{"per_row":4,"rows":1,"view_all":true,"divider":false}},"1525886124958":{"type":"promo-grid","blocks":{"1525886482727":{"type":"advanced","settings":{"cta_link1":"shopify:\/\/collections\/all","width":"100","height":720,"text_size":120,"focal_point":"80% 50%","boxed":false,"framed":false}},"1525886854810":{"type":"sale_collection","settings":{"width":"50","boxed":false,"framed":true}},"1525911710924":{"type":"sale_collection","settings":{"width":"50","boxed":false,"framed":true}}},"block_order":["1525886482727","1525886854810","1525911710924"],"settings":{"full_width":false,"gutter_size":20,"space_above":false,"space_below":false}},"1525912530555":{"type":"promo-grid","blocks":{"1525912530555-0":{"type":"advanced","settings":{"cta_link1":"shopify:\/\/collections\/all","width":"50","height":800,"text_size":120,"text_align":"vertical-center horizontal-center","focal_point":"center","boxed":false,"framed":true}},"1525912530555-1":{"type":"advanced","settings":{"cta_link1":"shopify:\/\/collections\/all","width":"50","height":500,"text_size":120,"text_align":"vertical-bottom horizontal-center","focal_point":"80% 50%","boxed":true,"framed":false}}},"block_order":["1525912530555-0","1525912530555-1"],"settings":{"full_width":true,"gutter_size":20,"space_above":false,"space_below":false}},"1526068199595":{"type":"instagram","settings":{}},"collection-promotions":{"type":"collection-promotions","blocks":{"1526403837307":{"type":"banner","settings":{"link":"shopify:\/\/collections\/all","label":"Shop now","color_tint":"#e95454","color_tint_opacity":10,"framed":false}},"1526496043079":{"type":"advanced","settings":{"cta_link1":"shopify:\/\/collections\/all","width":"100","height":500,"text_size":120,"text_align":"vertical-center horizontal-center","focal_point":"center","boxed":false,"framed":true}}},"block_order":["1526403837307","1526496043079"],"settings":{"gutter_size":20}}},"content_for_index":["1524769873765","1498163293234","1525912530555","1499789718857","1525886124958","1525295772132","1499790633921","1525115199973","1525118065355","1526068199595"]},"Vintage":{"color_body_bg":"#ffffff","color_body_text":"#000000","color_price":"#1c1d1d","color_savings_text":"#72acc7","color_borders":"#f2f2f2","color_button":"#682d2d","color_button_text":"#fff","color_cart_dot":"#682d2d","color_small_image_bg":"#f7f7f9","color_large_image_bg":"#682d2d","color_header":"#ffffff","color_header_text":"#000000","color_announcement":"#6a2727","color_announcement_text":"#ffffff","color_footer":"#f7f7f9","color_footer_text":"#593b32","color_drawer_background":"#ffffff","color_drawer_text":"#000000","color_drawer_border":"#e8e8e1","color_drawer_button":"#682d2d","color_drawer_button_text":"#ffffff","color_modal_overlays":"#cdc9c2","color_image_overlay":"#000","color_image_overlay_text_shadow":30,"type_header_font_family":"americana_n8","type_header_spacing":"0","type_header_base_size":36,"type_header_line_height":1.2,"type_header_capitalize":true,"type_headers_align_text":true,"type_base_font_family":"avenir_next_n4","type_base_spacing":"0","type_base_size":18,"type_base_line_height":1.5,"type_body_align_text":true,"type_navigation_style":"heading","type_navigation_size":17,"type_product_style":"body","type_collection_font":"heading","type_collection_size":20,"button_style":"square","icon_weight":"3px","icon_linecaps":"miter","vendor_enable":false,"sku_enable":false,"quantity_enable":false,"variant_type":"button","enable_payment_button":false,"inventory_enable":false,"quick_shop_text":"Quick view","product_grid_image_size":"square","product_hover_image":true,"product_color_swatches":false,"collection_color_swatches":false,"product_video_width":"1280","product_video_height":"720","product_video_style":"muted","product_contact":true,"product_contact_title":"Ask a question","collection_grid_style":"below","collection_grid_shape":"landscape","collection_grid_image":"product","collection_grid_text_align":"top-center","collection_grid_tint":"#000000","collection_grid_opacity":0,"collection_grid_gutter":true,"cart_type":"drawer","cart_notes_enable":false,"cart_terms_conditions_enable":false,"currency_format":"money_format","supported_currencies":"USD CAD INR GBP AUD EUR JPY","social_facebook_link":"https:\/\/www.facebook.com\/shopify","social_twitter_link":"https:\/\/twitter.com\/shopify","social_instagram_link":"https:\/\/instagram.com\/shopify","social_youtube_link":"https:\/\/www.youtube.com\/user\/shopify","share_facebook":true,"share_twitter":true,"share_pinterest":true,"show_breadcrumbs":false,"checkout_logo_position":"left","checkout_logo_size":"medium","checkout_body_background_color":"#fff","checkout_input_background_color_mode":"white","checkout_sidebar_background_color":"#f5f5f5","checkout_accent_color":"#682d2d","checkout_button_color":"#682d2d","checkout_error_color":"#ff6d6d","product_fixed_image_height":false,"breadcrumb":true,"sections":{"header":{"type":"header","blocks":{"1520882467782":{"type":"logo","settings":{}},"1521051841065":{"type":"announcement","settings":{"text":"Free shipping","link_text":"On all orders over $100","link":"shopify:\/\/collections\/all"}},"1520888647304":{"type":"announcement","settings":{"text":"Hassle-free returns","link_text":"30-day postage paid returns","link":"shopify:\/\/collections\/all"}}},"block_order":["1520882467782","1521051841065","1520888647304"],"settings":{"main_menu_link_list":"main-menu","main_menu_alignment":"center-split","header_style":"normal","sticky_index":true,"sticky_collection":true,"header_search_enable":true,"toolbar_menu":"toolbar","toolbar_social":true,"announcement_compact":true}},"footer":{"type":"footer","blocks":{"1494301487048":{"type":"logo_social","settings":{"container_width":95}},"1494301487049":{"type":"menu","settings":{"menu":"footer","container_width":25}},"1494292487693":{"type":"newsletter","settings":{"container_width":30}}},"block_order":["1494301487049","1494292487693","1494301487048"],"settings":{"show_payment_icons":false}},"collection-template":{"type":"collection-template","settings":{"subcollection_style":"above","subcollections_per_row":3,"per_row":2,"rows_per_page":11}},"product-template":{"type":"product-template","settings":{"image_size":"large","thumbnail_position":"below","social_enable":false,"related_enable":true,"related_count":4,"recently_viewed_enable":true,"recent_count":4}},"article-template":{"type":"article-template","settings":{"blog_show_tags":true,"blog_show_date":true,"blog_show_comments":true,"blog_show_author":false,"social_sharing_blog":true}},"1498163293234":{"type":"featured-content","settings":{"align_text":"center","narrow_column":true,"enlarge_text":true,"divider":false}},"blog-template":{"type":"blog-template","settings":{"blog_show_tag_filter":true,"blog_show_rss":false,"blog_show_tags":true,"blog_show_date":true,"blog_show_comments":true,"blog_show_author":false,"blog_image_size":"wide"}},"1499790633921":{"type":"background-image-text","settings":{"button_link":"shopify:\/\/collections\/all","focal_point":"center","color_border":"#6a635b","layout":"right","height":750,"framed":true,"parallax":true}},"product-sections-template":{"type":"product-sections-template","blocks":{"product-image-row":{"type":"image-row","settings":{"enable_gutter":false,"enable_zoom":true}},"product-text-and-image":{"type":"text-and-image","settings":{"layout":"left"}},"product-background-image-text":{"type":"background-image-text","settings":{"alignment":"center","color_border":"#f4f4f4","layout":"right","height":550,"parallax":true}},"product-text-columns":{"type":"text-columns","settings":{}},"product-hero-video":{"type":"hero-video","settings":{"text_align":"vertical-bottom horizontal-left","section_height":"650px","mobile_height":"auto"}}},"block_order":["product-image-row","product-text-and-image","product-background-image-text","product-text-columns","product-hero-video"],"settings":{"image_size":"medium","social_enable":true,"related_enable":true,"related_position":"below","related_count":4,"collection_links_enable":true}},"page-sections-template":{"type":"page-sections-template","blocks":{"page-rich-text":{"type":"rich-text","settings":{"align_text":"center","narrow_column":true,"enlarge_text":true}},"page-text-columns":{"type":"text-columns","settings":{}},"page-background-image-text":{"type":"background-image-text","settings":{"alignment":"center","color_border":"#f4f4f4","layout":"right","height":550}},"page-featured-collection":{"type":"featured-collection","settings":{"per_row":4,"rows":1,"view_all":true}}},"block_order":["page-rich-text","page-text-columns","page-background-image-text","page-featured-collection"],"settings":{"page_title_enable":false,"page_content_enable":false}},"newsletter-popup":{"type":"newsletter-popup","settings":{}},"collection-header":{"type":"collection-header","settings":{"enable":true,"collection_image_enable":true,"parallax":true}},"collection-sidebar":{"type":"collection-sidebar","blocks":{"1524772785241":{"type":"subcollections","settings":{}},"1524772580942":{"type":"tags_all","settings":{}}},"block_order":["1524772785241","1524772580942"],"settings":{"enable_sidebar":true,"filter_style":"sidebar","tags_combine":false,"enable_sort":true}},"1523298253705":{"type":"slideshow","blocks":{"1523298253705-0":{"type":"image","settings":{}},"1523298253705-1":{"type":"image","settings":{"title_size":80,"text_align":"vertical-bottom horizontal-right","focal_point":"center center"}}},"block_order":["1523298253705-0","1523298253705-1"],"settings":{"section_height":"100vh","mobile_height":"500px","parallax":true,"style":"minimal","autoplay":true,"autoplay_speed":7}},"list-collections-template":{"type":"list-collections-template","settings":{"title_enable":true,"display_type":"all","sort":"alphabetical","grid":"3"}},"1523380258742":{"type":"featured-collections","disabled":true,"blocks":{"1523380258742-0":{"type":"collection","settings":{}},"1523380258742-1":{"type":"collection","settings":{}},"1523380258742-2":{"type":"collection","settings":{}},"1524685811204":{"type":"collection","settings":{}},"1524685816171":{"type":"collection","settings":{}},"1524685829380":{"type":"collection","settings":{}}},"block_order":["1523380258742-0","1523380258742-1","1523380258742-2","1524685811204","1524685816171","1524685829380"],"settings":{"divider":false,"per_row":3,"enable_gutter":true}},"1524685456938":{"type":"background-image-text","settings":{"button_link":"shopify:\/\/collections\/all","focal_point":"center","color_border":"#655147","layout":"right","height":650,"framed":true,"parallax":true}},"1524685919990":{"type":"featured-collection","settings":{"per_row":4,"rows":1,"view_all":true,"divider":false}},"1524685997883":{"type":"newsletter","settings":{"color_background":"#f7f7f9","color_text":"#3f2e2e"}},"1524686167862":{"type":"featured-collection","settings":{"per_row":3,"rows":1,"view_all":true,"divider":false}},"1524686876171":{"type":"featured-collections","blocks":{"1524686876171-0":{"type":"collection","settings":{}},"1524686876171-1":{"type":"collection","settings":{}}},"block_order":["1524686876171-0","1524686876171-1"],"settings":{"divider":false,"per_row":2,"enable_gutter":true}},"1525878145666":{"type":"promo-grid","blocks":{"1525879359021":{"type":"advanced","settings":{"cta_link1":"shopify:\/\/collections\/all","width":"100","height":500,"text_size":120,"text_align":"vertical-center horizontal-center","focal_point":"80% 50%","boxed":false,"framed":true}}},"block_order":["1525879359021"],"settings":{"full_width":false,"gutter_size":20,"space_above":false,"space_below":false}},"1525881294487":{"type":"promo-grid","blocks":{"1525881312850":{"type":"banner","settings":{"link":"shopify:\/\/collections\/all","label":"Learn more","color_tint":"#d69344","color_tint_opacity":14,"framed":true}}},"block_order":["1525881312850"],"settings":{"full_width":false,"gutter_size":0,"space_above":false,"space_below":false}},"1525968536765":{"type":"promo-grid","blocks":{"1525968571112":{"type":"product","settings":{"label":"New","enable_price":true,"width":"100","text_size":100,"color_tint":"#000","color_tint_opacity":0,"framed":false}}},"block_order":["1525968571112"],"settings":{"full_width":false,"gutter_size":20,"space_above":false,"space_below":false}},"1525969002555":{"type":"blog-posts","settings":{"blog":"news","post_limit":3,"blog_show_tags":false,"blog_show_date":true,"blog_show_comments":false,"blog_show_author":false,"view_all":true,"blog_image_size":"wide","divider":false}},"1526333080570":{"type":"instagram","settings":{}},"1526493275292":{"type":"promo-grid","blocks":{"1526493290477":{"type":"sale_collection","settings":{"width":"100","boxed":true,"framed":true}}},"block_order":["1526493290477"],"settings":{"full_width":false,"gutter_size":20,"space_above":false,"space_below":true}},"collection-promotions":{"type":"collection-promotions","blocks":{"1526501666154":{"type":"sale_collection","settings":{"width":"100","boxed":true,"framed":true}},"1526501699095":{"type":"banner","settings":{"heading":"Free shipping","link":"shopify:\/\/collections\/all","label":"Learn more","color_tint":"#d69344","color_tint_opacity":14,"framed":true}}},"block_order":["1526501666154","1526501699095"],"settings":{"gutter_size":20}}},"content_for_index":["1523298253705","1498163293234","1525878145666","1523380258742","1524686876171","1526493275292","1524685456938","1524685919990","1525881294487","1524686167862","1524685997883","1499790633921","1525968536765","1525969002555","1526333080570"]},"Bold":{"color_body_bg":"#000000","color_body_text":"#ffffff","color_price":"#d1ba98","color_savings_text":"#ff6565","color_borders":"#2b2a27","color_button":"#9f8561","color_button_text":"#ffffff","color_cart_dot":"#9f8561","color_small_image_bg":"#000000","color_large_image_bg":"#111111","color_header":"#000000","color_header_text":"#ffffff","color_announcement":"#9F8561","color_announcement_text":"#fff","color_footer":"#000000","color_footer_text":"#ffffff","color_drawer_background":"#000000","color_drawer_text":"#ffffff","color_drawer_border":"#2b2a27","color_drawer_button":"#9f8561","color_drawer_button_text":"#ffffff","color_modal_overlays":"#67635d","color_image_overlay":"#000","color_image_overlay_text_shadow":30,"type_header_font_family":"helvetica_n9","type_header_spacing":"0","type_header_base_size":35,"type_header_line_height":0.8,"type_header_capitalize":true,"type_headers_align_text":true,"type_base_font_family":"harmonia_sans_n4","type_base_spacing":"25","type_base_size":17,"type_base_line_height":1.4,"type_body_align_text":true,"type_navigation_style":"heading","type_navigation_size":16,"type_product_style":"heading","type_collection_font":"heading","type_collection_size":25,"button_style":"angled","icon_weight":"6px","icon_linecaps":"miter","vendor_enable":false,"sku_enable":false,"quantity_enable":false,"variant_type":"button","enable_payment_button":false,"inventory_enable":false,"quick_shop_text":"Quick view","product_grid_image_size":"square","product_hover_image":false,"product_color_swatches":false,"collection_color_swatches":false,"product_video_width":"1280","product_video_height":"720","product_video_style":"muted","product_contact":false,"product_contact_title":"Ask a question","collection_grid_style":"overlaid-box","collection_grid_shape":"landscape","collection_grid_image":"collection","collection_grid_text_align":"bottom-center","collection_grid_tint":"#000000","collection_grid_opacity":10,"collection_grid_gutter":true,"cart_type":"drawer","cart_notes_enable":false,"cart_terms_conditions_enable":false,"currency_format":"money_format","supported_currencies":"USD CAD INR GBP AUD EUR JPY","social_facebook_link":"https:\/\/www.facebook.com\/shopify","social_twitter_link":"https:\/\/twitter.com\/shopify","social_youtube_link":"https:\/\/www.youtube.com\/user\/shopify","share_facebook":true,"share_twitter":true,"share_pinterest":true,"show_breadcrumbs":false,"checkout_logo_position":"left","checkout_logo_size":"small","checkout_body_background_color":"#000000","checkout_input_background_color_mode":"transparent","checkout_sidebar_background_color":"#000000","checkout_accent_color":"#ae9878","checkout_button_color":"#ae9878","checkout_error_color":"#ff6d6d","breadcrumb":true,"sections":{"header":{"type":"header","blocks":{"1524768779513":{"type":"logo","settings":{}}},"block_order":["1524768779513"],"settings":{"main_menu_link_list":"main-menu","main_menu_alignment":"left-center","header_style":"normal","sticky_index":true,"sticky_collection":false,"header_search_enable":false,"toolbar_social":false,"announcement_compact":false}},"footer":{"type":"footer","blocks":{"1494292487693":{"type":"newsletter","settings":{}},"1526406521795":{"type":"menu","settings":{"menu":"footer","container_width":25}},"1525444454442":{"type":"logo_social","settings":{"container_width":95}}},"block_order":["1494292487693","1526406521795","1525444454442"],"settings":{"show_payment_icons":true}},"collection-template":{"type":"collection-template","settings":{"subcollection_style":"above","subcollections_per_row":3,"per_row":5,"rows_per_page":15}},"product-template":{"type":"product-template","settings":{"image_size":"large","social_enable":true,"related_enable":true,"related_count":5,"recently_viewed_enable":true,"recent_count":5}},"article-template":{"type":"article-template","settings":{"blog_show_tags":true,"blog_show_date":true,"blog_show_comments":true,"blog_show_author":false,"social_sharing_blog":true}},"blog-template":{"type":"blog-template","settings":{"blog_show_tag_filter":true,"blog_show_rss":false,"blog_show_tags":true,"blog_show_date":true,"blog_show_comments":true,"blog_show_author":false,"blog_image_size":"wide"}},"1499790633921":{"type":"background-image-text","settings":{"button_link":"shopify:\/\/collections\/all","focal_point":"center","color_border":"#090909","layout":"right","height":750,"framed":false,"parallax":true}},"product-sections-template":{"type":"product-sections-template","blocks":{"product-background-image-text":{"type":"background-image-text","settings":{"button_link":"shopify:\/\/collections\/all","alignment":"top left","color_border":"#3a6815","layout":"right","height":550,"parallax":false}},"product-text-columns":{"type":"text-columns","settings":{}}},"block_order":["product-background-image-text","product-text-columns"],"settings":{"image_size":"large","thumbnail_position":"below","social_enable":true,"related_enable":true,"related_position":"below","related_count":5,"collection_links_enable":true}},"page-sections-template":{"type":"page-sections-template","blocks":{"page-rich-text":{"type":"rich-text","settings":{"align_text":"center","narrow_column":true,"enlarge_text":true}},"page-text-columns":{"type":"text-columns","settings":{}},"page-background-image-text":{"type":"background-image-text","settings":{"alignment":"center","color_border":"#f4f4f4","layout":"right","height":550}},"page-featured-collection":{"type":"featured-collection","settings":{"per_row":4,"rows":1,"view_all":true}}},"block_order":["page-rich-text","page-text-columns","page-background-image-text","page-featured-collection"],"settings":{"page_title_enable":false,"page_content_enable":false}},"newsletter-popup":{"type":"newsletter-popup","settings":{}},"1524768368258":{"type":"slideshow","blocks":{"1524768368258-0":{"type":"image","settings":{"link":"shopify:\/\/collections\/all","link_text":"Shop all","text_align":"vertical-center horizontal-left","focal_point":"top center"}}},"block_order":["1524768368258-0"],"settings":{"section_height":"750px","mobile_height":"auto","parallax":true,"style":"minimal","autoplay":true,"autoplay_speed":5}},"collection-header":{"type":"collection-header","settings":{"enable":true,"collection_image_enable":false,"parallax":false}},"collection-sidebar":{"type":"collection-sidebar","blocks":{"1524772785241":{"type":"subcollections","settings":{}},"1524772580942":{"type":"tags_all","settings":{}}},"block_order":["1524772785241","1524772580942"],"settings":{"enable_sidebar":true,"filter_style":"sidebar","tags_combine":false,"enable_sort":true}},"1525290496166":{"type":"featured-collections","blocks":{"1525290496166-0":{"type":"collection","settings":{}},"1525290496166-2":{"type":"collection","settings":{}},"1525290496166-1":{"type":"collection","settings":{}}},"block_order":["1525290496166-0","1525290496166-2","1525290496166-1"],"settings":{"divider":false,"per_row":3,"enable_gutter":true}},"1525899982112":{"type":"instagram","settings":{}},"1525969132569":{"type":"promo-grid","blocks":{"1525969870126":{"type":"product","settings":{"link_label":"Shop now","label":"New","enable_price":true,"width":"50","text_size":100,"color_tint":"#f8ebd4","color_tint_opacity":0,"framed":true}},"1525969996422":{"type":"product","settings":{"link_label":"Shop now","label":"New","enable_price":true,"width":"50","text_size":100,"color_tint":"#ff0000","color_tint_opacity":0,"framed":true}}},"block_order":["1525969870126","1525969996422"],"settings":{"full_width":false,"gutter_size":5,"space_above":false,"space_below":false}},"1526048428302":{"type":"featured-collection","settings":{"per_row":4,"rows":1,"view_all":false,"divider":false}},"1526048519234":{"type":"newsletter","settings":{"color_background":"#171615","color_text":"#ffffff"}},"1526048620689":{"type":"blog-posts","settings":{"title":"Our blog","blog":"news","post_limit":3,"blog_show_tags":false,"blog_show_date":true,"blog_show_comments":false,"blog_show_author":false,"view_all":true,"blog_image_size":"wide","divider":false}},"collection-promotions":{"type":"collection-promotions","blocks":{"1526501090474":{"type":"advanced","settings":{"cta_link1":"shopify:\/\/collections\/all","width":"50","height":400,"text_size":120,"text_align":"vertical-center horizontal-center","focal_point":"center","boxed":false,"framed":true}},"1526501130849":{"type":"sale_collection","settings":{"width":"50","boxed":false,"framed":true}},"1526501360047":{"type":"banner","settings":{"label":"Shop 2017","color_tint":"#514f4b","color_tint_opacity":20,"framed":false}}},"block_order":["1526501090474","1526501130849","1526501360047"],"settings":{"gutter_size":20}},"1526480838446":{"type":"background-image-text","settings":{"button_link":"shopify:\/\/collections\/all","focal_point":"center","color_border":"#f4f4f4","layout":"left","height":750,"framed":false,"parallax":true}},"1526481284428":{"type":"featured-content","settings":{"align_text":"center","narrow_column":true,"enlarge_text":true,"divider":false}},"1526481405629":{"type":"promo-grid","blocks":{"1526481405629-1":{"type":"advanced","settings":{"width":"100","height":660,"text_size":120,"text_align":"vertical-center horizontal-center","focal_point":"center","boxed":false,"framed":false}}},"block_order":["1526481405629-1"],"settings":{"full_width":false,"gutter_size":34,"space_above":false,"space_below":true}}},"content_for_index":["1524768368258","1526481284428","1525969132569","1525290496166","1526048428302","1526480838446","1499790633921","1526048519234","1526048620689","1526481405629","1525899982112"]}}}